Track URI,Track Name,Album Name,Artist Name(s),Release Date,Duration (ms),Popularity,Added By,Added At,Genres,Record Label,Danceability,Energy,Key,Loudness,Mode,Speechiness,Acousticness,Instrumentalness,Liveness,Valence,Tempo,Time Signature
spotify:track:1v1oIWf2Xgh54kIWuKsDf6,"Runaway","All My Demons Greeting Me As A Friend (Deluxe)","AURORA",2016-03-11,248826,80,,1970-01-01T00:00:00Z,"norweski pop,art pop","Decca (UMO)",0.422,0.302,11,-9.214,1,0.0372,0.629,0.0000783,0.104,0.123,114.089,4
spotify:track:3BJe4B8zGnqEdQPMvfVjuS,"Summertime Sadness","Born To Die - The Paradise Edition","Lana Del Rey",2012-01-01,265427,86,,1970-01-01T00:00:00Z,"","Polydor Records",0.565,0.654,1,-6.826,0,0.0335,0.0542,0.0000018,0.122,0.235,111.968,4
spotify:track:7MiZjKawmXTsTNePyTfPyL,"Devil Eyes","Providence","Hippie Sabotage",2016-02-05,131271,78,,1970-01-01T00:00:00Z,"","iHipHop Distribution",0.391,0.396,1,-8.621,0,0.189,0.702,0.405,0.315,0.199,99.112,5
spotify:track:4fouWK6XVHhzl78KzQ1UjL,"abcdefu","abcdefu","GAYLE",2021-08-13,168601,77,,1970-01-01T00:00:00Z,"","Atlantic/Arthouse Records",0.695,0.54,4,-5.692,1,0.0493,0.299,0,0.367,0.415,121.932,4
spotify:track:0PPC0E2V8mx2M0N755AN1d,"Mleko & miód","Soma 0,5 mg","TACONAFIDE,Quebonafide,Taco Hemingway",2018-04-13,207263,56,,1970-01-01T00:00:00Z,"","Taconafide",0.749,0.737,8,-8.743,0,0.352,0.738,0.0000897,0.102,0.241,163.954,4
spotify:track:3ZCTVFBt2Brf31RLEnCkWJ,"everything i wanted","everything i wanted","Billie Eilish",2019-11-13,245425,86,,1970-01-01T00:00:00Z,"","Darkroom/Interscope Records",0.704,0.225,6,-14.454,0,0.0994,0.902,0.657,0.106,0.243,120.006,4
spotify:track:4pRmXzB5gkQXkfEOLfwJQx,"FALA","PLEŚŃ","Guzior,Oskar83",2020-12-04,256000,64,,1970-01-01T00:00:00Z,"","QueQuality",0.796,0.667,4,-5.512,0,0.279,0.356,0,0.146,0.139,119.958,4
spotify:track:5wANPM4fQCJwkGd4rN57mH,"drivers license","SOUR","Olivia Rodrigo",2021-05-21,242013,87,,1970-01-01T00:00:00Z,"","Olivia Rodrigo PS",0.561,0.431,10,-8.81,1,0.0578,0.768,0.0000142,0.106,0.137,143.875,4
spotify:track:7CVKdxcywAgQHjVv8lzG9p,"Party Up The Street","SHE IS COMING","Miley Cyrus,Swae Lee,Mike WiLL Made-It",2019-05-31,217253,48,,1970-01-01T00:00:00Z,"","RCA/Legacy",0.745,0.615,1,-7.325,1,0.0713,0.41,0.00636,0.438,0.305,100.986,4
spotify:track:0u2P5u6lvoDfwTYjAADbn4,"lovely (with Khalid)","lovely (with Khalid)","Billie Eilish,Khalid",2018-04-19,200185,89,,1970-01-01T00:00:00Z,"","Darkroom",0.351,0.296,4,-10.109,0,0.0333,0.934,0,0.095,0.12,115.284,4
spotify:track:1SOClUWhOi8vHZYMz3GluK,"Infinity","Feel Something","Jaymes Young",2017-06-23,237720,80,,1970-01-01T00:00:00Z,"","Atlantic Records",0.671,0.673,11,-6.941,0,0.0444,0.148,0.0000529,0.304,0.494,121.963,4
spotify:track:1FfKFHXiv3x7qOOQDOmTwD,"Jesteś ładniejsza niż na zdjęciach (na zawsze)","Opowieści z Doliny Smoków","Bedoes 2115,Lanek",2019-11-29,217400,59,,1970-01-01T00:00:00Z,"","SBM Label",0.426,0.398,1,-11.41,0,0.0884,0.706,0,0.115,0.229,170.04,3
spotify:track:0e7ipj03S05BNilyu5bRzt,"rockstar (feat. 21 Savage)","beerbongs & bentleys","Post Malone,21 Savage",2018-04-27,218146,84,,1970-01-01T00:00:00Z,"","Republic Records",0.585,0.52,5,-6.136,0,0.0713,0.124,0.0000775,0.131,0.129,159.798,4
spotify:track:4RVwu0g32PAqgUiJoXsdF8,"Happier Than Ever","Happier Than Ever","Billie Eilish",2021-07-30,298899,86,,1970-01-01T00:00:00Z,"","Darkroom/Interscope Records",0.332,0.225,0,-8.697,1,0.0348,0.767,0.00349,0.128,0.297,81.055,3
spotify:track:6QQtHdz4PNJWQX4nrAQGC9,"Slide Away","SHE IS COMING","Miley Cyrus",2019-05-31,233654,69,,1970-01-01T00:00:00Z,"","RCA/Legacy",0.534,0.538,5,-6.673,1,0.0327,0.173,0.00000282,0.248,0.289,148.016,4
spotify:track:773ryYtshMNAyz6iDtZgLI,"Schodki","100 dni do matury","Mata",2020-01-17,235773,68,,1970-01-01T00:00:00Z,"","SBM Label",0.571,0.667,11,-8.365,0,0.0509,0.0389,0.0136,0.166,0.438,78.031,4
spotify:track:4OSBTYWVwsQhGLF9NHvIbR,"Rolling in the Deep","21","Adele",2011-01-24,228093,82,,1970-01-01T00:00:00Z,"soft pop","XL Recordings",0.73,0.769,8,-5.114,1,0.0298,0.138,0,0.0473,0.507,104.948,4
spotify:track:6U2z2MIl54KykmUezVFMOY,"LECI NOWY FUTURE","POCZTÓWKA Z WWA, LATO '19","Taco Hemingway,Sergiusz",2019-07-24,219293,56,,1970-01-01T00:00:00Z,"","Taco Corp",0.712,0.769,0,-6.613,0,0.0478,0.626,0.0000482,0.296,0.876,149.993,4
spotify:track:73SpzrcaHk0RQPFP73vqVR,"No Time To Die","No Time To Die","Billie Eilish",2020-02-13,242265,79,,1970-01-01T00:00:00Z,"","Darkroom/Interscope Records",0.344,0.22,4,-13.218,0,0.0365,0.917,0.0107,0.0827,0.0522,70.895,4
spotify:track:1jF7IL57ayN4Ity3jQqGu0,"Try","The Truth About Love","P!nk",2012-09-18,247906,85,,1970-01-01T00:00:00Z,"","RCA Records Label",0.674,0.628,2,-7.079,1,0.03,0.00144,0,0.0944,0.552,103.998,4
spotify:track:0EvymGZJAMbXeevmYzDJvC,"Outside","Outside","Kartky,HVZX",2018-08-16,226909,59,,1970-01-01T00:00:00Z,"","QueQuality",0.665,0.664,1,-7.94,0,0.254,0.243,0.000212,0.304,0.385,104.942,4
spotify:track:72POxQEWLPOUo8VS5gzTQY,"Kurtz","Młody Matczak","Mata,Taco Hemingway,Kubi Producent",2021-10-01,255720,54,,1970-01-01T00:00:00Z,"","SBM Label",0.595,0.551,5,-8.273,0,0.132,0.451,0,0.135,0.468,129.569,4
spotify:track:1UZOjK1BwmwWU14Erba9CZ,"Malibu","Younger Now","Miley Cyrus",2017-09-29,231906,76,,1970-01-01T00:00:00Z,"","RCA Records Label",0.573,0.781,8,-6.406,1,0.0555,0.0767,0.0000264,0.0813,0.343,139.934,4
spotify:track:2QjOHCTQ1Jl3zawyYOpxh6,"Sweater Weather","I Love You.","The Neighbourhood",2013-04-22,240400,93,,1970-01-01T00:00:00Z,"","Columbia",0.612,0.807,10,-2.81,1,0.0336,0.0495,0.0177,0.101,0.398,124.053,4
spotify:track:7qEHsqek33rTcFNT9PFqLf,"Someone You Loved","Divinely Uninspired To A Hellish Extent","Lewis Capaldi",2019-05-17,182160,88,,1970-01-01T00:00:00Z,"soft pop","Vertigo Berlin",0.501,0.405,1,-5.679,1,0.0319,0.751,0,0.105,0.446,109.891,4
spotify:track:4BgTgPsNeDz2KG4QsshjL9,"BLUEBERRY","PLEŚŃ","Guzior,Favst",2020-12-04,176000,61,,1970-01-01T00:00:00Z,"","QueQuality",0.717,0.725,6,-6.287,0,0.162,0.467,0,0.0987,0.645,119.926,4
spotify:track:7kzQRB3b9gp2kdjI0dLv8M,"Unholy","SHE IS COMING","Miley Cyrus",2019-05-31,130186,56,,1970-01-01T00:00:00Z,"","RCA/Legacy",0.824,0.534,4,-4.679,0,0.0363,0.0357,0.00000362,0.0877,0.206,141.984,4
spotify:track:1ZdhOMWyFR8Iv9eylMGYg2,"Mount Everest","Imagination & the Misfit Kid","Labrinth",2019-11-22,157497,79,,1970-01-01T00:00:00Z,"","Syco Music",0.494,0.428,0,-7.239,0,0.205,0.236,0.0698,0.0816,0.44,87.724,4
spotify:track:5Z9KJZvQzH6PFmb8SNkxuk,"INDUSTRY BABY (feat. Jack Harlow)","MONTERO","Lil Nas X,Jack Harlow",2021-09-17,212352,76,,1970-01-01T00:00:00Z,"","Columbia",0.741,0.691,10,-7.395,0,0.0672,0.0221,0,0.0476,0.892,150.087,4
spotify:track:2M4HAgYKX89zbXv19g3Pmq,"W PIĄTKI LEŻĘ W WANNIE","POCZTÓWKA Z WWA, LATO '19","Taco Hemingway,Dawid Podsiadło",2019-07-24,220080,60,,1970-01-01T00:00:00Z,"","Taco Corp",0.793,0.496,0,-11.09,1,0.196,0.742,0,0.111,0.27,103.014,4
spotify:track:5FVd6KXrgO9B3JPmC8OPst,"Do I Wanna Know?","AM","Arctic Monkeys",2013-09-09,272394,89,,1970-01-01T00:00:00Z,"indie,garage rock","Domino Recording Co",0.548,0.532,5,-7.596,1,0.0323,0.186,0.000263,0.217,0.405,85.03,4
spotify:track:2SL6oP2YAEQbqsrkOzRGO4,"Venom - Music From The Motion Picture","Kamikaze","Eminem",2018-08-31,269554,74,,1970-01-01T00:00:00Z,"rap,hip-hop","Aftermath",0.749,0.794,0,-5.063,1,0.064,0.0193,0,0.543,0.46,135.959,4
spotify:track:4U16tUiGsOTUiPVLKiiy7t,"Żółte flamastry i grube katechetki","100 dni do matury","Mata",2020-01-17,256040,64,,1970-01-01T00:00:00Z,"","SBM Label",0.833,0.491,8,-10.669,1,0.218,0.679,0.0696,0.109,0.259,130.053,4
spotify:track:4jbmgIyjGoXjY01XxatOx6,"Dark Horse","PRISM","Katy Perry,Juicy J",2013-01-01,215672,83,,1970-01-01T00:00:00Z,"pop,memphis rap,crunk","Capitol Records (CAP)",0.647,0.585,6,-6.123,1,0.0512,0.00314,0,0.165,0.353,131.934,4
spotify:track:3di5hcvxxciiqwMH1jarhY,"Set Fire to the Rain","21","Adele",2011-01-24,242973,84,,1970-01-01T00:00:00Z,"soft pop","XL Recordings",0.603,0.67,2,-3.882,0,0.0249,0.00408,0.00000168,0.112,0.446,107.993,4
spotify:track:4pzRQIRRHXYsAryBKXALCF,"hot coffee","audiotele","schafter",2019-11-22,171786,60,,1970-01-01T00:00:00Z,"","Universal Music Polska Sp. z o.o.",0.724,0.576,0,-8.868,0,0.204,0.755,0,0.111,0.473,143.991,4
spotify:track:0wI7QkCcs8FUQE1OkXUIqd,"Scars To Your Beautiful","Know-It-All","Alessia Cara",2015-11-13,230240,81,,1970-01-01T00:00:00Z,"","EP Entertainment, LLC / Def Jam",0.319,0.739,0,-5.74,1,0.272,0.0285,0,0.111,0.449,194.169,4
spotify:track:43z2Z0IWWjR2BP4lERGs93,"Home","The Wild Youth EP","Daughter",2011-11-21,258879,48,,1970-01-01T00:00:00Z,"","Daughter",0.677,0.427,7,-11.682,0,0.0259,0.244,0.17,0.17,0.253,103.628,4
spotify:track:3dYD57lRAUcMHufyqn9GcI,"Take Me To Church","Hozier","Hozier",2014-09-19,241688,86,,1970-01-01T00:00:00Z,"","Universal-Island Records Ltd.",0.575,0.664,4,-5.303,0,0.0481,0.637,0,0.116,0.437,129.071,4
spotify:track:5uEYRdEIh9Bo4fpjDd4Na9,"Goosebumps - Remix","Goosebumps (Remix)","Travis Scott,HVME",2021-01-15,162802,76,,1970-01-01T00:00:00Z,"rap,slap house","Cactus Jack/Epic",0.841,0.593,1,-7.846,1,0.0379,0.418,0,0.124,0.808,124.917,4
spotify:track:2LOZsS3lP96UvyExooKHcO,"Szafir","Młody Matczak","Mata,Trooh Hippi",2021-10-01,196600,63,,1970-01-01T00:00:00Z,"","SBM Label",0.772,0.607,1,-8.016,1,0.105,0.375,0.0000561,0.164,0.814,139.963,4
spotify:track:2VlLbhGLVJgdOW7kKdWWFc,"Six Feet Under","Six Feet Under","Billie Eilish",2016-11-17,189613,76,,1970-01-01T00:00:00Z,"","Darkroom",0.576,0.307,11,-12.732,0,0.0428,0.807,0.000355,0.0792,0.157,67.513,4
spotify:track:4b93D55xv3YCH5mT4p6HPn,"Ocean Drive","Duality","Duke Dumont",2020-04-17,206320,78,,1970-01-01T00:00:00Z,"house","EMI",0.67,0.776,8,-4.091,0,0.047,0.00388,0.000184,0.122,0.624,115.034,4
spotify:track:2kx5sQgmjYug0GiDh1a4sU,"Living Life, In The Night","Living Life, In The Night","Cheriimoya,Sierra Kidd",2018-10-13,122517,72,,1970-01-01T00:00:00Z,"niemiecki hip-hop","Arista Records",0.624,0.499,0,-9.962,0,0.0495,0.82,0,0.12,0.298,143.249,4
spotify:track:4FD8J0l0Wrw5HdNV2Dj1ST,"BUBBLETEA","ROMANTIC PSYCHO","Quebonafide,Duit,Daria Zawiałow",2020-04-02,284000,64,,1970-01-01T00:00:00Z,"","QueQuality",0.664,0.739,9,-7.207,0,0.207,0.541,0,0.139,0.438,98.091,4
spotify:track:3JvKfv6T31zO0ini8iNItO,"Another Love","Long Way Down (Deluxe)","Tom Odell",2013-06-24,244360,89,,1970-01-01T00:00:00Z,"","ITNO/Columbia",0.445,0.537,4,-8.532,0,0.04,0.695,0.0000165,0.0944,0.131,122.769,4
spotify:track:1ShFyui54RocwURUufmCIb,"Marmur","Marmur","Taco Hemingway",2016-11-02,310213,57,,1970-01-01T00:00:00Z,"","Taco Corp",0.643,0.553,11,-10.025,1,0.267,0.435,0.00000741,0.501,0.317,99.655,4
spotify:track:5gjATWO1EIhrCP1CQ2GWg8,"Anywhere Away from Here (Rag’n’Bone Man & P!nk)","Life By Misadventure","Rag'n'Bone Man,P!nk",2021-05-07,238639,63,,1970-01-01T00:00:00Z,"","Best Laid Plans/Columbia",0.395,0.288,11,-10.465,1,0.0345,0.656,0,0.116,0.189,130.571,4
spotify:track:43zdsphuZLzwA9k4DJhU0I,"when the party's over","WHEN WE ALL FALL ASLEEP, WHERE DO WE GO?","Billie Eilish",2019-03-29,196077,88,,1970-01-01T00:00:00Z,"","Darkroom/Interscope Records",0.367,0.111,4,-14.084,1,0.0972,0.978,0.0000397,0.0897,0.198,82.642,4
spotify:track:1f1wT6Q7Buxb3OD0BqMW8O,"I See Fire","x (10th Anniversary Edition)","Ed Sheeran",2024-06-21,299146,72,,1970-01-01T00:00:00Z,"soft pop","Atlantic Records UK",0.591,0.176,10,-11.692,0,0.0396,0.638,0.00000481,0.252,0.296,152.122,4
spotify:track:1JSTJqkT5qHq8MDJnJbRE1,"Every Breath You Take","Synchronicity (Remastered 2003)","The Police",1983-06-17,253920,92,,1970-01-01T00:00:00Z,"","Polydor Records",0.82,0.452,1,-9.796,1,0.0348,0.543,0.00294,0.0714,0.74,117.401,4
spotify:track:23dwrzeJtEEGl2U4CPWSor,"Runnin (with A$AP Rocky, A$AP Ferg & Nicki Minaj)","Creed II: The Album","Mike WiLL Made-It,A$AP Rocky,A$AP Ferg,Nicki Minaj",2018-11-16,131674,62,,1970-01-01T00:00:00Z,"rap","Creed 2 Soundtrack",0.545,0.975,10,-3.193,0,0.454,0.17,0,0.145,0.609,123.906,5
spotify:track:46wzUFY34FtyhhqmzdCkgl,"Chłopaki nie płaczą","Kwiat polskiej mlodzieży","Bedoes 2115,Kubi Producent,Taco Hemingway",2018-11-30,211800,63,,1970-01-01T00:00:00Z,"","SBM Label",0.68,0.519,9,-11.125,0,0.113,0.285,0.00000142,0.0973,0.236,95.004,4
spotify:track:4eNKssDPD3UIDbSvbmLCXZ,"100 dni do matury","100 dni do matury","Mata,Ezra Williams,Sarcastic Sounds",2020-01-17,301573,64,,1970-01-01T00:00:00Z,"bedroom pop","SBM Label",0.687,0.828,6,-7.911,0,0.457,0.523,0,0.34,0.0988,159.933,4
spotify:track:5zb7npjQqoJ7Kcpq4yD9qn,"You Want It Darker","You Want It Darker","Leonard Cohen",2016-10-21,284373,63,,1970-01-01T00:00:00Z,"wokaliści i autorzy piosenek","Columbia",0.674,0.327,4,-16.986,0,0.0574,0.613,0.199,0.0756,0.494,108.995,4
spotify:track:2qxmye6gAegTMjLKEBoR3d,"Let Me Down Slowly","Narrated For You","Alec Benjamin",2018-11-16,169353,84,,1970-01-01T00:00:00Z,"","2018",0.652,0.557,1,-5.714,0,0.0318,0.74,0,0.124,0.483,150.073,4
spotify:track:20FZrLl9zSbO9b3DhaqO6M,"23","23","Mike WiLL Made-It,Miley Cyrus,Wiz Khalifa,Juicy J",2013-01-01,252520,73,,1970-01-01T00:00:00Z,"rap,memphis rap,crunk","Mike WiLL Made-It",0.859,0.599,9,-5.254,1,0.0614,0.000362,0.0000082,0.13,0.319,140.005,4
spotify:track:5SDOB8Zdt8XNt0b0GzgPpg,"Szmata","Młody Matczak","Mata",2021-10-01,165653,61,,1970-01-01T00:00:00Z,"","SBM Label",0.801,0.531,9,-8.023,1,0.177,0.205,0.000036,0.0902,0.376,83.939,4
spotify:track:4JiEyzf0Md7KEFFGWDDdCr,"Knockin' On Heaven's Door","Use Your Illusion II","Guns N' Roses",1991-09-18,336000,83,,1970-01-01T00:00:00Z,"rock,glam metal,hard rock,rock klasyczny","Guns N Roses P&D",0.496,0.739,6,-7.193,1,0.0416,0.0209,0.00451,0.106,0.377,132.411,4
spotify:track:1Qi4Xpgnxm0MSZnt8cmUfW,"Love Blind","Love Blind","Daria Marx",2021-03-26,155360,43,,1970-01-01T00:00:00Z,"","Pelican Songs",0.808,0.727,6,-5.475,0,0.0947,0.0764,0.00000156,0.386,0.826,127.073,4
spotify:track:3uUuGVFu1V7jTQL60S1r8z,"Where Are You Now","Where Are You Now","Lost Frequencies,Calum Scott",2021-07-30,148197,81,,1970-01-01T00:00:00Z,"tropical house,soft pop","Epic Amsterdam",0.671,0.636,6,-8.117,0,0.103,0.515,0.000411,0.172,0.262,120.966,4
spotify:track:4pbJqGIASGPr0ZpGpnWkDn,"We Will Rock You - Remastered 2011","News Of The World (2011 Remaster)","Queen",1977-10-28,122066,80,,1970-01-01T00:00:00Z,"rock klasyczny,rock,glam rock","EMI",0.692,0.497,2,-7.316,1,0.119,0.676,0,0.259,0.475,81.308,4
spotify:track:3LSlLG47TI0e2pF4lnIIsr,"Płuca zlepione topami","EVIL_THINGS","Guzior",2018-06-08,301333,61,,1970-01-01T00:00:00Z,"","QueQuality",0.427,0.682,2,-5.661,0,0.118,0.263,0.255,0.0842,0.139,89.092,4
spotify:track:4NZrZgrRoR4GwR7flWOXRI,"Go Fuck Yourself","First Steps","Two Feet",2016-07-29,129599,74,,1970-01-01T00:00:00Z,"","Majestic Casual Records",0.765,0.327,6,-8.029,1,0.277,0.571,0.0479,0.0787,0.292,74.931,4
spotify:track:6lOWoTqVnAWXchddtTH31W,"Leave a Light On","Leave a Light On","Tom Walker",2017-10-13,185863,70,,1970-01-01T00:00:00Z,"","Relentless Records",0.586,0.624,5,-5.946,1,0.113,0.0153,0.00000178,0.133,0.267,68.976,4
spotify:track:1daDRI9ahBonbWD8YcxOIB,"Angels Like You","Plastic Hearts","Miley Cyrus",2020-11-27,196453,84,,1970-01-01T00:00:00Z,"","RCA Records Label",0.672,0.642,5,-4.035,1,0.0313,0.0981,0,0.1,0.494,121.981,4
spotify:track:4A86mVVA7hwCfWa1O1tTce,"Kiss cam (podryw roku)","Młody Matczak","Mata,Pedro,francis",2021-10-01,177306,66,,1970-01-01T00:00:00Z,"","SBM Label",0.777,0.625,6,-8.711,0,0.213,0.296,0,0.296,0.581,88.512,4
spotify:track:7gPbVDk8Es7AVHTLUFq6CU,"Ground Zero","Ground Zero Mixtape","PRO8L3M",2018-03-16,181600,66,,1970-01-01T00:00:00Z,"","RHW Records",0.691,0.723,1,-6.756,0,0.0871,0.0978,0.000485,0.0439,0.34,144.048,4
spotify:track:1x6whiWHJmvHM8jeloliXq,"Chodź","Szprycer","Taco Hemingway",2017-08-25,208653,57,,1970-01-01T00:00:00Z,"","Taco Corp",0.85,0.545,9,-7.535,1,0.263,0.432,0,0.191,0.498,139.981,4
spotify:track:2vwlzO0Qp8kfEtzTsCXfyE,"Wrecking Ball","Bangerz (Deluxe Version)","Miley Cyrus",2013-10-04,221360,83,,1970-01-01T00:00:00Z,"","RCA Records Label",0.53,0.422,5,-6.262,1,0.0342,0.407,0,0.107,0.349,119.964,4
spotify:track:2VxeLyX666F8uXCJ0dZF8B,"Shallow","A Star Is Born Soundtrack","Lady Gaga,Bradley Cooper",2018-10-05,215733,87,,1970-01-01T00:00:00Z,"art pop,pop","A Star is Born OST",0.577,0.385,7,-6.362,1,0.03,0.371,0,0.231,0.331,95.82,4
spotify:track:0Aqi7ArnBrGblW5T6p2jmD,"Falling","Nicotine","Trevor Daniel",2020-03-26,159381,77,,1970-01-01T00:00:00Z,"","Alamo",0.785,0.431,10,-8.756,0,0.0364,0.123,0,0.0887,0.236,127.085,4
spotify:track:3Curadv16Xys3u2smN7sch,"IKEA (intro)","Młody Matczak","Mata",2021-10-01,142920,49,,1970-01-01T00:00:00Z,"","SBM Label",0.719,0.518,11,-8.966,1,0.221,0.678,0.00233,0.0874,0.718,83.948,4
spotify:track:4VRKBn2I0cBlJvflENmimA,"Sectumsempra","Soma 0,5 mg","TACONAFIDE,Quebonafide,Taco Hemingway",2018-04-13,212840,53,,1970-01-01T00:00:00Z,"","Taconafide",0.504,0.614,3,-8.676,0,0.287,0.622,0.000312,0.107,0.551,99.985,4
spotify:track:3aauaXWRgwCMoykMbI0Jq1,"I Feel Like I'm Drowning","A 20 Something Fuck","Two Feet",2018-10-05,185520,79,,1970-01-01T00:00:00Z,"","Republic Records",0.717,0.577,8,-5.436,1,0.0491,0.708,0.00422,0.0899,0.235,104.926,3
spotify:track:466cKvZn1j45IpxDdYZqdA,"Toosie Slide","Dark Lane Demo Tapes","Drake",2020-05-01,247058,70,,1970-01-01T00:00:00Z,"rap","OVO",0.83,0.49,1,-8.82,0,0.209,0.289,0.00000304,0.113,0.845,81.604,4
spotify:track:6f3Slt0GbA2bPZlz0aIFXN,"The Business","The Business","Tiësto",2020-09-16,164000,77,,1970-01-01T00:00:00Z,"edm,trance,big room,house,dance","Atlantic Records",0.798,0.62,8,-7.079,0,0.232,0.414,0.0192,0.112,0.235,120.031,4
spotify:track:1iQDltZqI7BXnHrFy4Qo1k,"Trampoline (with ZAYN)","Trampoline (with ZAYN)","SHAED,ZAYN",2019-09-26,184280,65,,1970-01-01T00:00:00Z,"","Photo Finish Records",0.619,0.459,7,-5.782,0,0.0334,0.56,0,0.137,0.498,126.803,4
spotify:track:63SevszngYpZOwf63o61K4,"Nevermind","Nevermind","Dennis Lloyd",2017-06-30,156600,79,,1970-01-01T00:00:00Z,"","WM Italy",0.6,0.688,5,-8.339,0,0.201,0.159,0.0000129,0.409,0.0793,99.977,4
spotify:track:3mwQ0b2e7Fo7OVOjkW1a3P,"niemanieba","Blackout","Kartky",2018-04-20,198000,46,,1970-01-01T00:00:00Z,"","QueQuality",0.572,0.753,1,-6.513,1,0.289,0.496,0.0353,0.596,0.665,79.866,4
spotify:track:6zjG2nzeZuPZfts6UsjbYh,"Wszystko OK","Plansze","Jan-Rapowanie,Nocny",2019-03-15,173803,59,,1970-01-01T00:00:00Z,"","SBM Label",0.516,0.472,8,-13.67,1,0.107,0.871,0.0000102,0.106,0.403,120.892,5
spotify:track:0y1QJc3SJVPKJ1OvFmFqe6,"Way down We Go","A/B","KALEO",2016-06-10,213706,84,,1970-01-01T00:00:00Z,"","Elektra (NEK)",0.489,0.505,10,-8.022,0,0.117,0.579,0.000333,0.104,0.337,163.255,4
spotify:track:3dPQuX8Gs42Y7b454ybpMR,"Seven Nation Army","Elephant","The White Stripes",2003-04-01,232106,86,,1970-01-01T00:00:00Z,"garage rock,blues rock,rock,rock alternatywny","Legacy Recordings",0.743,0.446,4,-7.807,0,0.0683,0.0039,0.118,0.337,0.278,123.596,4
spotify:track:28IyrW0plHL3HcgwCSdqd4,"Dziewczyna Szamana","Black Magiic","Kartky",2018-12-14,249506,38,,1970-01-01T00:00:00Z,"","QueQuality",0.445,0.611,0,-8.329,0,0.0817,0.582,0.0627,0.108,0.293,61.91,4
spotify:track:0hNduWmlWmEmuwEFcYvRu1,"Sunset Lover","Sunset Lover","Petit Biscuit",2015,237792,69,,1970-01-01T00:00:00Z,"","Petit Biscuit",0.783,0.467,6,-9.474,1,0.0503,0.729,0.809,0.109,0.236,90.838,4
spotify:track:0EPiMawxXmdDWKjRbk8f97,"Następna stacja","Umowa o dzieło","Taco Hemingway",2015-06-28,251826,64,,1970-01-01T00:00:00Z,"","Taco Corp",0.665,0.617,11,-7.068,0,0.233,0.422,0,0.0701,0.868,90.992,4
spotify:track:39VigLq155fsriPYNfHIBc,"Hej wy","Mini dom","Kortez",2018-09-21,245534,58,,1970-01-01T00:00:00Z,"","Jazzboy",0.367,0.418,3,-10.036,0,0.0498,0.804,0.044,0.121,0.156,94.997,4
spotify:track:58jw3bWJW6mLIRVNHn0FfL,"koszmar minionego lata","dom na skraju niczego","Kartky",2019-08-02,285507,54,,1970-01-01T00:00:00Z,"","QueQuality",0.638,0.679,4,-6.873,0,0.223,0.377,0,0.146,0.338,144.058,4
spotify:track:2XBNODvFzYh1zOGXcUEK7C,"WIFI","WIFI","Guzior,D3W",2018-06-08,204418,55,,1970-01-01T00:00:00Z,"","QueQuality",0.709,0.587,11,-6.862,1,0.234,0.265,0.0000345,0.125,0.143,119.963,4
spotify:track:4wFjTWCunQFKtukqrNijEt,"MotorSport","Culture II","Migos,Nicki Minaj,Cardi B",2018-01-26,303076,70,,1970-01-01T00:00:00Z,"trap","Quality Control Music, LLC",0.902,0.518,2,-5.32,1,0.183,0.0305,0,0.325,0.188,137.993,4
spotify:track:1BncfTJAWxrsxyT9culBrj,"Experience","In A Time Lapse","Ludovico Einaudi,Daniel Hope,I Virtuosi Italiani",2013-01-01,315426,79,,1970-01-01T00:00:00Z,"neoklasycyzm,muzyka klasyczna","Decca (UMO) (Classics)",0.447,0.449,2,-10.634,1,0.0376,0.934,0.961,0.0697,0.036,92.468,4
spotify:track:6WK9dVrRABMkUXFLNlgWFh,"Enjoy the Silence","The Singles 86-98","Depeche Mode",1998-09-28,255133,76,,1970-01-01T00:00:00Z,"nowa fala,synthpop,darkwave","Venusnote Ltd.",0.663,0.838,0,-5.744,0,0.0286,0.2,0.000177,0.0782,0.752,112.788,4
spotify:track:7FiLaxXHAkneBzBjWt5yCN,"TRAPSTAR","PLEŚŃ","Guzior",2020-12-04,208333,59,,1970-01-01T00:00:00Z,"","QueQuality",0.457,0.581,4,-6.147,0,0.0455,0.702,0.00000275,0.186,0.239,144.301,4
spotify:track:5kqIPrATaCc2LqxVWzQGbk,"7 Years","Lukas Graham","Lukas Graham",2016-04-01,237300,86,,1970-01-01T00:00:00Z,"","Warner Records",0.765,0.473,10,-5.829,1,0.0514,0.287,0,0.391,0.34,119.992,4
spotify:track:1deFvArn9bBGEhTU1TVVOX,"Numb","Satellites","Dotan",2021-05-28,219419,45,,1970-01-01T00:00:00Z,"folk-pop","7 Layers",0.601,0.54,1,-7.032,0,0.0307,0.107,0.000126,0.167,0.291,76.007,4
spotify:track:2Cdvbe2G4hZsnhNMKyGrie,"I Love Rock 'N Roll","I Love Rock 'N' Roll (Expanded Edition)","Joan Jett & the Blackhearts",1981-11-18,175173,80,,1970-01-01T00:00:00Z,"rock","Legacy Recordings",0.535,0.716,4,-5.025,1,0.0431,0.326,0,0.659,0.901,94.379,4
spotify:track:2saRoYhY53uxjpyVp8ERBM,"Europa","Europa","Taco Hemingway,Bedoes 2115,Zeppy Zep",2020-09-04,198186,54,,1970-01-01T00:00:00Z,"","2020",0.754,0.638,11,-7.382,0,0.115,0.385,0.0000144,0.0999,0.539,169.999,4
spotify:track:6qqdFWe7C4LsBjWbXQdsHA,"Dark Paradise","Born To Die - The Paradise Edition","Lana Del Rey",2012-01-01,243187,74,,1970-01-01T00:00:00Z,"","Polydor Records",0.6,0.653,1,-8.309,0,0.0594,0.0953,0,0.122,0.43,119.994,4
spotify:track:0vRFKF7dGdL5XxZMXzpCpF,"Someone Else","Bangerz (Deluxe Version)","Miley Cyrus",2013-10-04,288333,51,,1970-01-01T00:00:00Z,"","RCA Records Label",0.668,0.761,9,-7.093,0,0.0912,0.03,0,0.365,0.34,133.985,4
spotify:track:5Nm9ERjJZ5oyfXZTECKmRt,"Stay With Me","In The Lonely Hour","Sam Smith",2014-05-26,172723,84,,1970-01-01T00:00:00Z,"soft pop","PLG - Capitol",0.413,0.42,0,-6.444,1,0.0416,0.588,0.0000639,0.11,0.185,84.126,4
spotify:track:6xXJ5vx1ZQpCgFmmNwBJYK,"Visa","Soma 0,5 mg","TACONAFIDE,Quebonafide,Taco Hemingway",2018-04-13,208295,53,,1970-01-01T00:00:00Z,"","Taconafide",0.786,0.67,1,-6.65,1,0.175,0.32,0,0.105,0.352,94.988,4
