"city","concert_id","opener_ar1","opener_ar2","date","tick_sales","is_mashup_1","surp_1","album_1","is_mashup_2","surp_2","album_2","cancel","cancel_cause","wkt_geom","place","x","y","lon","lat"
"Glendale",1,"Paramore","Gayle","17.03.2023",78600,"false","Mirrorball","folklore","false","Tim McGraw","Taylor Swift (debut)","false","","Point (-112.26266821610485636 33.52772634311506295)","State Farm Stadium","-112.263","33.528",-118.2478471,34.1469416
"Glendale",2,"Paramore","Gayle","18.03.2023",78600,"false","This Is Me Trying","folklore","false","State of Grace","Red","false","","Point (-112.26266821610485636 33.52772634311506295)","State Farm Stadium","-122.263","33.528",-118.2478471,34.1469416
"Las Vegas",3,"Beabadoobee","Gayle","24.03.2023",71835,"false","Our Song","Taylor Swift (debut)","false","Snow on the Beach","Midnights","false","","Point (-115.18330431355067844 36.09074577844533138)","Allegiant Stadium","-115.183","36.091",-115.1463536,36.171697
"Las Vegas",4,"Beabadoobee","Gayle","25.03.2023",71835,"false","Cowboy like Me","evermore","false","White Horse","Fearless","false","","Point (-115.18330431355067844 36.09074577844533138)","Allegiant Stadium","-115.183","36.091",-115.1463536,36.171697
"Arlington",5,"Muna","Gayle","31.03.2023",105000,"false","Sad Beautiful Tragic","Red","false","Ours","Speak Now","false","","Point (-97.09292585262728892 32.74779430872554542)","AT&T Stadium","-97.093","32.748",-97.1071186,32.7355816
"Arlington",6,"Beabadoobee","Gracie Abrams","01.04.2023",105000,"false","Death by a Thousand Cuts","Lover","false","Clean","1989","false","","Point (-97.09292585262728892 32.74779430872554542)","AT&T Stadium","-97.093","32.748",-97.1071186,32.7355816
"Arlington",7,"Beabadoobee","Gracie Abrams","02.04.2023",105000,"false","Jump then Fall","Fearless","false","The Lucky One","Red","false","","Point (-97.09292585262728892 32.74779430872554542)","AT&T Stadium","-97.093","32.748",-97.1071186,32.7355816
"Tampa",8,"Beabadoobee","Gayle","13.04.2023",75000,"false","Speak Now","Speak Now","false","Treacherous","Red","false","","Point (-82.50334858637130253 27.97596826762611855)","Raymond James Stadium","-82.503","27.976",-82.458444,27.9477595
"Tampa",9,"Beabadoobee","Gracie Abrams","14.04.2023",75000,"false","The Great War","Midnights","false","You're on Your Own, Kid","Midnights","false","","Point (-82.50334858637130253 27.97596826762611855)","Raymond James Stadium","-82.503","27.976",-82.458444,27.9477595
"Tampa",10,"Beabadoobee","Gracie Abrams","15.04.2023",75000,"false","Mean","Speak Now","false","Mad Woman","folklore","false","","Point (-82.50334858637130253 27.97596826762611855)","Raymond James Stadium","-82.503","27.976",-82.458444,27.9477595
"Houston",11,"Beabadoobee","Gracie Abrams","21.04.2023",80000,"false","Wonderland","1989","false","You're Not Sorry","Fearless","false","","Point (-95.41081146021359416 29.68484946068184982)","NRG Stadium","-95.411","29.685",-95.3676974,29.7589382
"Houston",12,"Beabadoobee","Gracie Abrams","22.04.2023",80000,"false","A Place in This World","Taylor Swift (debut)","false","Today Was a Fairytale","Fearless","false","","Point (-95.41081146021359416 29.68484946068184982)","NRG Stadium","-95.411","29.685",-95.3676974,29.7589382
"Houston",13,"Beabadoobee","Gracie Abrams","23.04.2023",80000,"false","Begin Again","Red","false","Cold as You","Taylor Swift (debut)","false","","Point (-95.41081146021359416 29.68484946068184982)","NRG Stadium","-95.411","29.685",-95.3676974,29.7589382
"Atlanta",14,"Beabadoobee","Gracie Abrams","28.04.2023",75000,"false","The Other Side of the Door","Fearless","false","Coney Island","evermore","false","","Point (-84.40082603024616503 33.75541064808440694)","Mercedes-Benz Stadium","-84.401","33.755",-84.3898151,33.7544657
"Atlanta",15,"Beabadoobee","Gracie Abrams","29.04.2023",75000,"false","High Infidelity","Midnights","false","Gorgeous","Reputation","false","","Point (-84.40082603024616503 33.75541064808440694)","Mercedes-Benz Stadium","-84.401","33.755",-84.3898151,33.7544657
"Atlanta",16,"Muna","Gayle","30.04.2023",75000,"false","I Bet You Think About Me","Red","false","How You Get the Girl","1989","false","","Point (-84.40082603024616503 33.75541064808440694)","Mercedes-Benz Stadium","-84.401","33.755",-84.3898151,33.7544657
"Nashville",17,"Phoebe Bridgers","Gracie Abrams","05.05.2023",70000,"false","Sparks Fly","Speak Now","false","Teardrops on My Guitar","Taylor Swift (debut)","false","","Point (-86.77126340389156667 36.1664745734879034)","Nissan Stadium","-86.771","36.166",-86.7742984,36.1622767
"Nashville",18,"Phoebe Bridgers","Gayle","06.05.2023",70000,"false","Out of the Woods","1989","false","Fifteen","Fearless","false","","Point (-86.77126340389156667 36.1664745734879034)","Nissan Stadium","-86.771","36.166",-86.7742984,36.1622767
"Nashville",19,"","","07.05.2023",70000,"false","Would've, Could've, Should've","Midnights","false","Mine","Speak Now","false","","Point (-86.77126340389156667 36.1664745734879034)","Nissan Stadium","-86.771","36.166",-86.7742984,36.1622767
"Philadelphia",20,"Phoebe Bridgers","Gayle","12.05.2023",70000,"false","Gold Rush","evermore","false","Come Back... Be Here","Red","false","","Point (-75.16747036844859053 39.90086539829642476)","Lincoln Financial Field","-75.167","39.901",-75.1635262,39.9527237
"Philadelphia",21,"Phoebe Bridgers","Gayle","13.05.2023",70000,"false","Forever & Always","Fearless","false","This Love","1989","false","","Point (-75.16747036844859053 39.90086539829642476)","Lincoln Financial Field","-75.167","39.901",-75.1635262,39.9527237
"Philadelphia",22,"Phoebe Bridgers","Gracie Abrams","14.05.2023",70000,"false","Hey Stephen","Fearless","false","The Best Day","Fearless","false","","Point (-75.16747036844859053 39.90086539829642476)","Lincoln Financial Field","-75.167","39.901",-75.1635262,39.9527237
"Foxborough",23,"Phoebe Bridgers","Gayle","19.05.2023",66000,"false","Should've Said No","Taylor Swift (debut)","false","Better Man","Red","false","","Point (-71.26434777486812777 42.09095532227437531)","Gillette Stadium","-71.264","42.091",-71.2478308,42.0653768
"Foxborough",24,"Phoebe Bridgers","Gayle","20.05.2023",66000,"false","Question...?","Midnights","false","Invisible","Taylor Swift (debut)","false","","Point (-71.26434777486812777 42.09095532227437531)","Gillette Stadium","-71.264","42.091",-71.2478308,42.0653768
"Foxborough",25,"Phoebe Bridgers","Gracie Abrams","21.05.2023",66000,"false","I Think He Knows","Lover","false","Red","Red","false","","Point (-71.26434777486812777 42.09095532227437531)","Gillette Stadium","-71.264","42.091",-71.2478308,42.0653768
"East Rutherford",26,"Phoebe Bridgers","Gayle","26.05.2023",89000,"false","Getaway Car","Reputation","false","Maroon","Midnights","false","","Point (-74.07434106779372485 40.81351765866606485)","MetLife Stadium","-74.074","40.814",-74.0970865,40.833989
"East Rutherford",27,"Phoebe Bridgers","Gracie Abrams","27.05.2023",89000,"false","Holy Ground","Red","false","False God","Lover","false","","Point (-74.07434106779372485 40.81351765866606485)","MetLife Stadium","-74.074","40.814",-74.0970865,40.833989
"East Rutherford",28,"Phoebe Bridgers","Owenn","28.05.2023",89000,"false","Welcome to New York","1989","false","Clean","1989","false","","Point (-74.07434106779372485 40.81351765866606485)","MetLife Stadium","-74.074","40.814",-74.0970865,40.833989
"Chicago",29,"Girl in Red","Owenn","02.06.2023",62000,"false","I Wish You Would","1989","false","The Lakes","folklore","false","","Point (-87.61670113190605491 41.86227691207081136)","Soldier Field","-87.617","41.862",-87.6244212,41.8755616
"Chicago",30,"Girl in Red","Owenn","03.06.2023",62000,"false","You All Over Me","Fearless","false","I Don't Wanna Live Forever","Other","false","","Point (-87.61670113190605491 41.86227691207081136)","Soldier Field","-87.617","41.862",-87.6244212,41.8755616
"Chicago",31,"Muna","Gracie Abrams","04.06.2023",62000,"false","Hits Different","Midnights","false","The Moment I Knew","Red","false","","Point (-87.61670113190605491 41.86227691207081136)","Soldier Field","-87.617","41.862",-87.6244212,41.8755616
"Detroit",32,"Girl in Red","Gracie Abrams","09.06.2023",78000,"false","Haunted","Speak Now","false","I Almost Do","Red","false","","Point (-83.04560145761955425 42.33994942755603574)","Ford Field","-83.046","42.34",-83.0466403,42.3315509
"Detroit",33,"Girl in Red","Owenn","10.06.2023",78000,"false","All You Had to Do Was Stay","1989","false","Breathe","Fearless","false","","Point (-83.04560145761955425 42.33994942755603574)","Ford Field","-83.046","42.34",-83.0466403,42.3315509
"Pittsburgh",34,"Girl in Red","Gracie Abrams","16.06.2023",75000,"false","Mr. Perfectly Fine","Fearless","false","The Last Time","Red","false","","Point (-80.01576636321433966 40.44675319884631648)","Acrisure Stadium","-80.016","40.447",-79.9900861,40.4416941
"Pittsburgh",35,"Girl in Red","Owenn","17.06.2023",75000,"false","The Story of Us","Speak Now","false","Seven","folklore","false","","Point (-80.01576636321433966 40.44675319884631648)","Acrisure Stadium","-80.016","40.447",-79.9900861,40.4416941
"Minneapolis",36,"Girl in Red","Gracie Abrams","23.06.2023",73000,"false","Paper Rings","Lover","false","If This Was a Movie","Fearless","false","","Point (-93.25747560021990523 44.97361309283820674)","U.S. Bank Stadium","-93.257","44.974",-93.2654692,44.9772995
"Minneapolis",37,"Girl in Red","Owenn","24.06.2023",73000,"false","Dear John","Speak Now","false","Daylight","Lover","false","","Point (-93.25747560021990523 44.97361309283820674)","U.S. Bank Stadium","-93.257","44.974",-93.2654692,44.9772995
"Cincinnati",38,"Muna","Gracie Abrams","30.06.2023",66000,"false","I'm Only Me When I'm with You","Taylor Swift (debut)","false","Evermore","evermore","false","","Point (-84.51605562478997058 39.09541944125799517)","Paycor Stadium","-84.516","39.095",-84.5124602,39.1014537
"Cincinnati",39,"Muna","","01.07.2023",66000,"false","Ivy ","evermore","false","Call It What You Want","Reputation","false","","Point (-84.51605562478997058 39.09541944125799517)","Paycor Stadium","-84.516","39.095",-84.5124602,39.1014537
"Kansas City",40,"Muna","Gracie Abrams","07.07.2023",77000,"false","Never Grow Up","Speak Now","false","When Emma Falls in Love","Speak Now","false","","Point (-94.48398521915464698 39.04895150910008539)","Arrowhead Stadium","-94.484","39.049",-94.5781416,39.100105
"Kansas City",41,"Muna","Gracie Abrams","08.07.2023",77000,"false","Last Kiss","Speak Now","false","Dorothea","evermore","false","","Point (-94.48398521915464698 39.04895150910008539)","Arrowhead Stadium","-94.484","39.049",-94.5781416,39.100105
"Denver",42,"Muna","Gracie Abrams","14.07.2023",84000,"false","Picture to Burn","Taylor Swift (debut)","false","Timeless","Speak Now","false","","Point (-105.02012675556248666 39.74393086788155927)","Empower Field at Mile High","-105.02","39.744",-104.984862,39.7392364
"Denver",43,"Muna","Gracie Abrams","15.07.2023",84000,"false","Starlight","Red","false","Back to December","Speak Now","false","","Point (-105.02012675556248666 39.74393086788155927)","Empower Field at Mile High","-105.02","39.744",-104.984862,39.7392364
"Seattle",44,"Haim","Gracie Abrams","22.07.2023",72000,"false","This Is Why We Can't Have Nice Things","Reputation","false","Everything Has Changed","Red","false","","Point (-122.33165451854452499 47.59515622509446331)","Lumen Field","-122.332","47.595",-122.330062,47.6038321
"Seattle",45,"Haim","Gracie Abrams","23.07.2023",72000,"false","Message in a Bottle","Red","false","Tied Together with a Smile","Taylor Swift (debut)","false","","Point (-122.33165451854452499 47.59515622509446331)","Lumen Field","-122.332","47.595",-122.330062,47.6038321
"Santa Clara",46,"Haim","Gracie Abrams","28.07.2023",69000,"false","Right Where You Left Me","evermore","false","Castles Crumbling","Speak Now","false","","Point (-121.96980392975264351 37.40319044015576111)","Levi's Stadium","-121.97","37.403",-121.955174,37.3541132
"Santa Clara",47,"Haim","Gracie Abrams","29.07.2023",69000,"false","Stay Stay Stay","Red","false","All of the Girls You Loved Before","Lover","false","","Point (-121.96980392975264351 37.40319044015576111)","Levi's Stadium","-121.97","37.403",-121.955174,37.3541132
"Los Angeles",48,"Haim","Gracie Abrams","03.08.2023",100240,"false","I Can See You","Speak Now","false","Maroon","Midnights","false","","Point (-118.3386770028803312 33.9531794319201623)","SoFi Stadium","-118.339","33.953",-118.242766,34.0536909
"Los Angeles",49,"Haim","Owenn","04.08.2023",100240,"false","Our Song","Taylor Swift (debut)","false","You Are in Love","1989","false","","Point (-118.3386770028803312 33.9531794319201623)","SoFi Stadium","-118.339","33.953",-118.242766,34.0536909
"Los Angeles",50,"Haim","Gayle","05.08.2023",100240,"false","Death by a Thousand Cuts","Lover","false","You're on Your Own, Kid","Midnights","false","","Point (-118.3386770028803312 33.9531794319201623)","SoFi Stadium","-118.339","33.953",-118.242766,34.0536909
"Los Angeles",51,"Haim","Gracie Abrams","07.08.2023",100240,"false","Dress","Reputation","false","Exile","folklore","false","","Point (-118.3386770028803312 33.9531794319201623)","SoFi Stadium","-118.339","33.953",-118.242766,34.0536909
"Los Angeles",52,"Haim","Gracie Abrams","08.08.2023",100240,"false","I Know Places","1989","false","King of My Heart","Reputation","false","","Point (-118.3386770028803312 33.9531794319201623)","SoFi Stadium","-118.339","33.953",-118.242766,34.0536909
"Los Angeles",53,"Haim","Gayle","09.08.2023",100240,"false","New Romantics","1989","false","New Year's Day","Reputation","false","","Point (-118.3386770028803312 33.9531794319201623)","SoFi Stadium","-118.339","33.953",-118.242766,34.0536909
"Mexico City",54,"Sabrina Carpenter","","24.08.2023",65000,"false","I Forgot That You Existed","Lover","false","Sweet Nothing","Midnights","false","","Point (-99.09552378264824313 19.4051035422750644)","Estadio GNP Seguros","-99.096","19.405",-99.1514678,19.3207722
"Mexico City",55,"Sabrina Carpenter","","25.08.2023",65000,"false","Tell Me Why","Fearless","false","Snow on the Beach","Midnights","false","","Point (-99.09552378264824313 19.4051035422750644)","Estadio GNP Seguros","-99.096","19.405",-99.1514678,19.3207722
"Mexico City",56,"Sabrina Carpenter","","26.08.2023",65000,"false","Cornelia Street","Lover","false","You're on Your Own, Kid","Midnights","false","","Point (-99.09552378264824313 19.4051035422750644)","Estadio GNP Seguros","-99.096","19.405",-99.1514678,19.3207722
"Mexico City",57,"Sabrina Carpenter","","27.08.2023",65000,"false","Afterglow","Lover","false","Maroon","Midnights","false","","Point (-99.09552378264824313 19.4051035422750644)","Estadio GNP Seguros","-99.096","19.405",-99.1514678,19.3207722
"Buenos Aires",58,"Sabrina Carpenter","Louta","09.11.2023",66000,"false","The Very First Night","Red","false","Labyrinth","Midnights","false","","Point (-58.44974775545564682 -34.54528057782343353)","Mâs Monumental Stadium","-58.45","-34.545",-58.4440583,-34.6083696
"Buenos Aires",59,"Sabrina Carpenter","Louta","11.11.2023",66000,"true","Is It Over Now? / Out of the Woods","1989 / 1989","false","End Game","Reputation","false","","Point (-58.44974775545564682 -34.54528057782343353)","Mâs Monumental Stadium","-58.45","-34.545",-58.4440583,-34.6083696
"Buenos Aires",60,"Sabrina Carpenter","Louta","12.11.2023",66000,"false","Better than Revenge","Speak Now","false","Slut!","1989","false","","Point (-58.44974775545564682 -34.54528057782343353)","Mâs Monumental Stadium","-58.45","-34.545",-58.4440583,-34.6083696
"Rio de Janeiro",61,"Sabrina Carpenter","","17.11.2023",60000,"false","Stay Beautiful","Taylor Swift (debut)","false","Suburban Legends","1989","false","","Point (-43.29246437085702581 -22.89323655630154164)","Estádio Olímpico Nilton Santos","-43.292","-22.893",-43.2093727,-22.9110137
"Rio de Janeiro",62,"Sabrina Carpenter","","19.11.2023",60000,"false","Dancing with Our Hands Tied","Reputation","false","Bigger Than the Whole Sky","Midnights","false","","Point (-43.29246437085702581 -22.89323655630154164)","Estádio Olímpico Nilton Santos","-43.292","-22.893",-43.2093727,-22.9110137
"Rio de Janeiro",63,"Sabrina Carpenter","","20.11.2023",60000,"false","Me!","Lover","false","So It Goes...","Reputation","false","","Point (-43.29246437085702581 -22.89323655630154164)","Estádio Olímpico Nilton Santos","-43.292","-22.893",-43.2093727,-22.9110137
"São Paulo",64,"Sabrina Carpenter","","24.11.2023",44000,"false","Now That We Don't Talk","1989","false","Innocent","Taylor Swift (debut)","false","","Point (-46.678507418350911 -23.5275374746104049)","Allianz Parque","-46.679","-23.528",-46.6333824,-23.5506507
"São Paulo",65,"Sabrina Carpenter","","25.11.2023",44000,"false","Safe & Sound","Other","false","Untouchable","Fearless","false","","Point (-46.678507418350911 -23.5275374746104049)","Allianz Parque","-46.679","-23.528",-46.6333824,-23.5506507
"São Paulo",66,"Sabrina Carpenter","","26.11.2023",44000,"false","Say Don't Go","1989","false","It's Time to Go","evermore","false","","Point (-46.678507418350911 -23.5275374746104049)","Allianz Parque","-46.679","-23.528",-46.6333824,-23.5506507
"Tokyo",67,"","","07.02.2024",70000,"false","Dear Reader","Midnights","false","Holy Ground","Red","false","","Point (139.75184353443566465 35.70561424855804944)","Tokyo Dome","139.752","35.706",139.7638947,35.6768601
"Tokyo",68,"","","08.02.2024",70000,"false","Eyes Open","Red","false","Electric Touch","Speak Now","false","","Point (139.75184353443566465 35.70561424855804944)","Tokyo Dome","139.752","35.706",139.7638947,35.6768601
"Tokyo",69,"","","09.02.2024",70000,"false","Superman","Speak Now","false","The Outside","Taylor Swift (debut)","false","","Point (139.75184353443566465 35.70561424855804944)","Tokyo Dome","139.752","35.706",139.7638947,35.6768601
"Tokyo",70,"","","10.02.2024",70000,"false","Come In with the Rain","Fearless","false","You're on Your Own, Kid","Midnights","false","","Point (139.75184353443566465 35.70561424855804944)","Tokyo Dome","139.752","35.706",139.7638947,35.6768601
"Melbourne",71,"Sabrina Carpenter","","16.02.2024",1e+05,"false","Red","Red","false","You're Losing Me","Midnights","false","","Point (144.94214513031900537 -37.83077237375425028)","Melbourne Cricket Ground","144.942","-37.831",144.9631732,-37.8142454
"Melbourne",72,"Sabrina Carpenter","","17.02.2024",1e+05,"true","Getaway Car / August / The Other Side of the Door","Reputation / folklore / Fearless","false","This Is Me Trying","folklore","false","","Point (144.94214513031900537 -37.83077237375425028)","Melbourne Cricket Ground","144.942","-37.831",144.9631732,-37.8142454
"Melbourne",73,"Sabrina Carpenter","","18.02.2024",1e+05,"true","Come Back... Be Here / Daylight","Red","false","Teardrops on My Guitar","Taylor Swift (debut)","false","","Point (144.94214513031900537 -37.83077237375425028)","Melbourne Cricket Ground","144.942","-37.831",144.9631732,-37.8142454
"Sydney",74,"Sabrina Carpenter","","23.02.2024",84000,"false","How You Get the Girl","1989","true","White Horse / Coney Island","Fearless / evermore","false","","Point (151.06340304267550323 -33.84710484057460178)","Stadium Australia","151.063","-33.847",151.2082848,-33.8698439
"Sydney",75,"Sabrina Carpenter","","24.02.2024",84000,"true","Should've Said No / You're Not Sorry","Taylor Swift (debut) / Fearless","true","New Year's Day / Peace","Reputation / folklore","false","","Point (151.06340304267550323 -33.84710484057460178)","Stadium Australia","151.063","-33.847",151.2082848,-33.8698439
"Sydney",76,"Sabrina Carpenter","","25.02.2024",84000,"true","Is It Over Now? / I Wish You Would","1989 / 1989","true","Haunted / Exile","Speak Now / folklore","false","","Point (151.06340304267550323 -33.84710484057460178)","Stadium Australia","151.063","-33.847",151.2082848,-33.8698439
"Sydney",77,"Sabrina Carpenter","","26.02.2024",84000,"true","Would've, Could've, Should've / Ivy","Midnights / evermore","true","Forever & Always / Maroon","Fearless / Midnights","false","","Point (151.06340304267550323 -33.84710484057460178)","Stadium Australia","151.063","-33.847",151.2082848,-33.8698439
"Singapore",78,"Sabrina Carpenter","","02.03.2024",55000,"true","Mine / Starlight","Speak Now / Red","true","I Don't Wanna Live Forever / Dress","Other / Reputation","false","","Point (103.87427146924552801 1.30456138577771474)","Singapore National Stadium","103.874","1.305",103.8194992,1.357107
"Singapore",79,"Sabrina Carpenter","","03.03.2024",55000,"true","Long Story Short / The Story of Us","evermore / Speak Now","true","Clean / Evermore","1989 / evermore","false","","Point (103.87427146924552801 1.30456138577771474)","Singapore National Stadium","103.874","1.305",103.8194992,1.357107
"Singapore",80,"Sabrina Carpenter","","04.03.2024",55000,"true","Foolish One / Tell Me Why","Speak Now / Fearless","true","This Love / Call It What You Want","1989 / Reputation","false","","Point (103.87427146924552801 1.30456138577771474)","Singapore National Stadium","103.874","1.305",103.8194992,1.357107
"Singapore",81,"Sabrina Carpenter","","07.03.2024",55000,"true","Death by a Thousand Cuts / Babe","Lover / Red","true","Fifteen / You're on Your Own, Kid","Fearless / Midnights","false","","Point (103.87427146924552801 1.30456138577771474)","Singapore National Stadium","103.874","1.305",103.8194992,1.357107
"Singapore",82,"Sabrina Carpenter","","08.03.2024",55000,"true","Sparks Fly / Gold Rush","Speak Now / evermore","true","False God / 'Slut!'","Lover / 1989","false","","Point (103.87427146924552801 1.30456138577771474)","Singapore National Stadium","103.874","1.305",103.8194992,1.357107
"Singapore",83,"Sabrina Carpenter","","09.03.2024",55000,"true","Tim McGraw / Cowboy like Me","Taylor Swift (debut) / evermore","true","Mirrorball / Epiphany","folklore / folklore","false","","Point (103.87427146924552801 1.30456138577771474)","Singapore National Stadium","103.874","1.305",103.8194992,1.357107
"Paris",84,"Paramore","","09.05.2024",40000,"false","Paris","Midnights","false","Loml","The Tortured Poets Departament","false","","Point (2.22967841325884875 48.8957116616324825)","Paris La Défense Arena","2.229","48.896",2.3483915,48.8534951
"Paris",85,"Paramore","","10.05.2024",40000,"true","Is It Over Now? / Out of the Woods","1989 / 1989","false","My Boy Only Breaks His Favorite Toys","The Tortured Poets Departament","false","","Point (2.22967841325884875 48.8957116616324825)","Paris La Défense Arena","2.229","48.896",2.3483915,48.8534951
"Paris",86,"Paramore","","11.05.2024",40000,"false","Hey Stephen","Fearless","false","Maroon","Midnights","false","","Point (2.22967841325884875 48.8957116616324825)","Paris La Défense Arena","2.229","48.896",2.3483915,48.8534951
"Paris",87,"Paramore","","12.05.2024",40000,"true","The Alchemy / Treacherous","The Tortured Poets Departament / Red","true","Begin Again / Paris","Red / Midnights","false","","Point (2.22967841325884875 48.8957116616324825)","Paris La Défense Arena","2.229","48.896",2.3483915,48.8534951
"Stockholm",88,"Paramore","","17.05.2024",65000,"true","I Think He Knows / Gorgeous","Lover / Reputation","false","Peter","The Tortured Poets Departament","false","","Point (18.00047197465002569 59.37267566349398606)","Nationalarenan Strawberry Arena","18.000","59.373",18.0710935,59.3251172
"Stockholm",89,"Paramore","","18.05.2024",65000,"false","Guilty as Sin?","The Tortured Poets Departament","true","Say Don't Go / Welcome to New York / Clean","1989 / 1989 / 1989","false","","Point (18.00047197465002569 59.37267566349398606)","Nationalarenan Strawberry Arena","18.000","59.374",18.0710935,59.3251172
"Stockholm",90,"Paramore","","19.05.2024",65000,"true","Message in a Bottle / How You Get the Girl / New Romantics","Red / 1989 / 1989","false","How Did It End?","The Tortured Poets Departament","false","","Point (18.00047197465002569 59.37267566349398606)","Nationalarenan Strawberry Arena","18.000","59.373",18.0710935,59.3251172
"Lisbon",91,"Paramore","","24.05.2024",66000,"true","Come Back... Be Here / The Way I Loved You / The Other Side of the Door","Red / Fearless / Fearless","true","Fresh Out the Slammer / High Infidelity","The Tortured Poets Departament / Midnights","false","","Point (-9.18464188879307741 38.75262018474779069)","Estádio da Luz","-9.185","38.753",-9.1365919,38.7077507
"Lisbon",92,"Paramore","","25.05.2024",66000,"true","The Tortured Poets Department / Now That We Don't Talk","The Tortured Poets Departament / 1989","true","You're on Your Own, Kid / Long Live","Midnights / Speak Now","false","","Point (-9.18464188879307741 38.75262018474779069)","Estádio da Luz","-9.185","38.753",-9.1365919,38.7077507
"Madrid",93,"Paramore","","29.05.2024",82000,"true","Sparks Fly / I Can Fix Him (No Really I Can)","Speak Now / The Tortured Poets Departament","true","I Look in People's Windows / Snow on the Beach","The Tortured Poets Departament / Midnights","false","","Point (-9.18464188879307741 38.75262018474779069)","Estadio Santiago Bernabéu","-9.185","38.753",-3.7035825,40.4167047
"Madrid",94,"Paramore","","30.05.2024",82000,"true","Our Song / Jump then Fall","Taylor Swift (debut) / Fearless","false","King of My Heart","Reputation","false","","Point (-9.18464188879307741 38.75262018474779069)","Estadio Santiago Bernabéu","-9.185","38.753",-3.7035825,40.4167047
"Lyon",95,"Paramore","","02.06.2024",60000,"true","The Prophecy / Long Story Short","The Tortured Poets Departament / evermore","true","Fifteen / You're on Your Own, Kid","Fearless / Midnights","false","","Point (4.9819636016239297 45.76515744373968175)","Parc Olympique Lyonnais","4.982","45.765",4.8320114,45.7578137
"Lyon",96,"Paramore","","03.06.2024",60000,"true","Glitch / Everything Has Changed","Midnights / Red","false","Chloe or Sam or Sophia or Marcus","The Tortured Poets Departament","false","","Point (4.9819636016239297 45.76515744373968175)","Parc Olympique Lyonnais","4.982","45.765",4.8320114,45.7578137
"Edinburgh",97,"Paramore","","07.06.2024",68000,"true","Would've, Could've, Should've / I Know Places","Midnights / 1989","true","Tis the Damn Season / Daylight","evermore / Lover","false","","Point (-3.24110981290345812 55.94224363797066246)","Murrayfield Stadium","-3.241","55.942",-3.1883749,55.9533456
"Edinburgh",98,"Paramore","","08.06.2024",68000,"true","The Bolter / Getaway Car","The Tortured Poets Departament / Reputation","true","All of the Girls You Loved Before / Crazier","Lover / Other","false","","Point (-3.24110981290345812 55.94224363797066246)","Murrayfield Stadium","-3.241","55.942",-3.1883749,55.9533456
"Edinburgh",99,"Paramore","","09.06.2024",68000,"true","It's Nice to Have a Friend / Dorothea","Lover / evermore","true","Haunted / Exile","Speak Now / folklore","false","","Point (-3.24110981290345812 55.94224363797066246)","Murrayfield Stadium","-3.241","55.942",-3.1883749,55.9533456
"Liverpool",100,"Paramore","","13.06.2024",62000,"true","I Can See You / Mine","Speak Now / Speak Now","true","Cornelia Street / Maroon","Lover / Midnights","false","","Point (-2.96083435175866327 53.43087028612504241)","Anfield","-2.961","53.431",-2.99168,53.4071991
"Liverpool",101,"Paramore","","14.06.2024",62000,"true","This Is What You Came For / Gold Rush","Other / evermore","true","The Great War / You're Losing Me","Midnights / Midnights","false","","Point (-2.96083435175866327 53.43087028612504241)","Anfield","-2.961","53.431",-2.99168,53.4071991
"Liverpool",102,"Paramore","","15.06.2024",62000,"true","Carolina / No Body, No Crime","Other / evermore","true","The Manuscript / Red","The Tortured Poets Departament / Red","false","","Point (-2.96083435175866327 53.43087028612504241)","Anfield","-2.961","53.431",-2.99168,53.4071991
"Cardiff",103,"Paramore","","18.06.2024",75000,"true","I Forgot That You Existed / This Is Why We Can't Have Nice Things","Lover / Reputation","true","I Hate It Here / The Lakes","The Tortured Poets Departament / folklore","false","","Point (-3.18266998273064639 51.47822549393927716)","Principality Stadium","-3.183","51.478",-3.1791934,51.4816546
"London",104,"Paramore","","21.06.2024",90000,"true","Hits Different / Death by a Thousand Cuts","Midnights / Lover","true","The Black Dog / Come Back... Be Here / Maroon","The Tortured Poets Departament / Red / Midnights","false","","Point (-0.27957565614899915 51.55600589490420305)","Wembley Stadium","-0.28","51.556",-0.1277653,51.5074456
"London",105,"Paramore","","22.06.2024",90000,"true","Thank You Aimee / Mean","The Tortured Poets Departament / Speak Now","false","Castles Crumbling (with Hayley Williams)","Speak Now","false","","Point (-0.27957565614899915 51.55600589490420305)","Wembley Stadium","-0.28","51.556",-0.1277653,51.5074456
"London",106,"Paramore","","23.06.2024",90000,"false","Us","Other","true","Out of the Woods / Is It Over Now? / Clean","1989 / 1989 / 1989","false","","Point (-0.27957565614899915 51.55600589490420305)","Wembley Stadium","-0.28","51.556",-0.1277653,51.5074456
"Dublin",107,"Paramore","","28.06.2024",52000,"true","State of Grace / You're on Your Own, Kid","Red / Midnights","true","Sweet Nothing / Hoax","Midnights / folklore","false","","Point (-6.2282789203724338 53.33515073437404652)","Aviva Stadium","-6.228","53.335",-6.2605593,53.3493795
"Dublin",108,"Paramore","","29.06.2024",52000,"true","The Albatross / Dancing with Our Hands Tied","The Tortured Poets Departament / Reputation","true","This Love / Ours","1989 / Speak Now","false","","Point (-6.2282789203724338 53.33515073437404652)","Aviva Stadium","-6.228","53.335",-6.2605593,53.3493795
"Dublin",109,"Paramore","","30.06.2024",52000,"true","Clara Bow / The Lucky One","The Tortured Poets Departament / Reputation","false","You're on Your Own, Kid","Midnights","false","","Point (-6.2282789203724338 53.33515073437404652)","Aviva Stadium","-6.228","53.335",-6.2605593,53.3493795
"Amsterdam",110,"Paramore","","04.07.2024",56000,"true","Guilty as Sin? / Untouchable","The Tortured Poets Departament / Red","true","The Archer / Question...?","Lover / Midnights","false","","Point (4.94188075339945243 52.31435186282168814)","Johan Cruyff Arena","4.942","52.314",4.8924534,52.3730796
"Amsterdam",111,"Paramore","","05.07.2024",56000,"true","Imgonnagetyouback / Dress","The Tortured Poets Departament / Reputation","true","You Are in Love / Cowboy like Me","1989 / evermore","false","","Point (4.94188075339945243 52.31435186282168814)","Johan Cruyff Arena","4.942","52.314",4.8924534,52.3730796
"Amsterdam",112,"Paramore","","06.07.2024",56000,"true","Sweeter than Fiction / Holy Ground","Other / Red","true","Mary's Song (Oh My My My) / So High School / Everything Has Changed","Taylor Swift (debut) / The Tortured Poets Departament / Red","false","","Point (4.94188075339945243 52.31435186282168814)","Johan Cruyff Arena","4.942","52.314",4.8924534,52.3730796
"Zürich",113,"Paramore","","09.07.2024",30000,"true","Right Where You Left Me / All You Had to Do Was Stay","evermore / 1989","true","Last Kiss / Sad Beautiful Tragic","Speak Now / Red","false","","Point (8.50370491696104125 47.38271700545715248)","Stadion Letzigrund","8.504","47.383",8.5410422,47.3744489
"Zürich",114,"Paramore","","10.07.2024",30000,"true","Closure / A Perfectly Good Heart","evermore / Taylor Swift (debut)","true","Robin / Never Grow Up","The Tortured Poets Departament / Speak Now","false","","Point (8.50370491696104125 47.38271700545715248)","Stadion Letzigrund","8.504","47.383",8.5410422,47.3744489
"Milan",115,"Paramore","","13.07.2024",76000,"true","The 1 / Wonderland","folklore / 1989","true","I Almost Do / The Moment I Knew","Red / Speak Now","false","","Point (9.12405108061065384 45.47807577074451757)","San Siro","9.124","45.478",9.1896346,45.4641943
"Milan",116,"Paramore","","14.07.2024",76000,"true","Mr. Perfectly Fine / Red","Fearless / Red","true","Getaway Car / Out of the Woods","Reputation / 1989","false","","Point (9.12405108061065384 45.47807577074451757)","San Siro","9.124","45.478",9.1896346,45.4641943
"Gelsenkirchen",117,"Paramore","","17.07.2024",63000,"true","Superstar / Invisible String","Fearless / folklore","true","Slut! / False God","1989 / Lover","false","","Point (7.06759765502006765 51.55454026081392271)","Veltins-Arena","7.068","51.555",7.0960124,51.5110321
"Gelsenkirchen",118,"Paramore","","18.07.2024",63000,"true","Speak Now / Hey Stephen","Speak Now / Fearless","true","This Is Me Trying / Labyrinth","folklore / Midnights","false","","Point (7.06759765502006765 51.55454026081392271)","Veltins-Arena","7.068","51.555",7.0960124,51.5110321
"Gelsenkirchen",119,"Paramore","","19.07.2024",63000,"true","Paper Rings / Stay Stay Stay","Lover / Red","true","It's Time to Go / Better Man","evermore / Red","false","","Point (7.06759765502006765 51.55454026081392271)","Veltins-Arena","7.068","51.555",7.0960124,51.5110321
"Hamburg",120,"Paramore","","23.07.2024",57000,"true","Teardrops on My Guitar / The Last Time","Taylor Swift (debut) / Red","true","We Were Happy / Happiness","Fearless / evermore","false","","Point (9.89859982135493688 53.58714021393249283)","Volksparkstadion","9.899","53.587",10.000654,53.550341
"Hamburg",121,"Paramore","","24.07.2024",57000,"true","The Last Great American Dynasty / Run","folklore / Red","true","Nothing New / Dear Reader","Red / Midnights","false","","Point (9.89859982135493688 53.58714021393249283)","Volksparkstadion","9.899","53.587",10.000654,53.550341
"Munich",122,"Paramore","","27.07.2024",75000,"true","Fresh Out the Slammer / You Are in Love","The Tortured Poets Departament / 1989","true","Ivy / Call It What You Want","evermore / Reputation","false","","Point (11.54658338858802047 48.17305165910088505)","Olympiastadion","11.547","48.173",11.5753822,48.1371079
"Munich",123,"Paramore","","28.07.2024",75000,"true","I Don't Wanna Live Forever / Imgonnagetyouback","Other / The Tortured Poets Departament","true","Loml / Don't You","The Tortured Poets Departament / Fearless","false","","Point (11.54658338858802047 48.17305165910088505)","Olympiastadion","11.547","48.173",11.5753822,48.1371079
"Warsaw",124,"Paramore","","01.08.2024",73000,"true","Mirrorball / Clara Bow","folklore / The Tortured Poets Departament","true","Suburban Legends / New Year's Day","1989 / Reputation","false","","Point (21.04565211900292354 52.23943661060395982)","Kazimierz Górski National Stadium","21.046","52.239",21.0714322,52.2337172
"Warsaw",125,"Paramore","","02.08.2024",73000,"true","I Can Fix Him (No Really I Can) / I Can See You","The Tortured Poets Departament / Speak Now","true","Red / Maroon","Red / Midnights","false","","Point (21.04565211900292354 52.23943661060395982)","Kazimierz Górski National Stadium","21.046","52.239",21.0714322,52.2337172
"Warsaw",126,"Paramore","","03.08.2024",73000,"true","Today Was a Fairytale / I Think He Knows","Fearless / Lover","true","The Black Dog / Exile","The Tortured Poets Departament / folklore","false","","Point (21.04565211900292354 52.23943661060395982)","Kazimierz Górski National Stadium","21.046","52.239",21.0714322,52.2337172
"Vienna",127,"Paramore","","08.08.2024",51000,"false","","","false","","","true","Terrorism plot","Point (16.42090162835105005 48.20715263878273049)","Ernst Happel Stadion","16.421","48.207",16.3725042,48.2083537
"Vienna",128,"Paramore","","09.08.2024",51000,"false","","","false","","","true","Terrorism plot","Point (16.42090162835105005 48.20715263878273049)","Ernst Happel Stadion","16.421","48.207",16.3725042,48.2083537
"Vienna",129,"Paramore","","10.08.2024",51000,"false","","","false","","","true","Terrorism plot","Point (16.42090162835105005 48.20715263878273049)","Ernst Happel Stadion","16.421","48.207",16.3725042,48.2083537
"London",130,"Paramore","","15.08.2024",90000,"true","Everything Has Changed / End Game / Thinking Out Loud","Other / Reputation / Other","true","King of My Heart / The Alchemy","Reputation / The Tortured Poets Departament","false","","Point (-0.27957565614899915 51.55600589490420305)","Wembley Stadium","-0.28","51.556",-0.1277653,51.5074456
"London",131,"Paramore","","16.08.2024",90000,"false","London Boy","Lover","true","Dear John / Sad Beautiful Tragic","Speak Now / Red","false","","Point (-0.27957565614899915 51.55600589490420305)","Wembley Stadium","-0.28","51.556",-0.1277653,51.5074456
"London",132,"Paramore","","17.08.2024",90000,"false","I Did Something Bad","Reputation","true","My Boy Only Breaks His Favorite Toys / Coney Island","The Tortured Poets Departament / evermore","false","","Point (-0.27957565614899915 51.55600589490420305)","Wembley Stadium","-0.28","51.556",-0.1277653,51.5074456
"London",133,"","","19.08.2024",90000,"true","Long Live / Change","Speak Now / Fearless","true","The Archer / You're on Your Own, Kid","Lover / Midnights","false","","Point (-0.27957565614899915 51.55600589490420305)","Wembley Stadium","-0.28","51.556",-0.1277653,51.5074456
"London",134,"","","20.08.2024",90000,"true","Death by a Thousand Cuts / Getaway Car ","Lover / Reputation","false","So Long, London","The Tortured Poets Departament","false","","Point (-0.27957565614899915 51.55600589490420305)","Wembley Stadium","-0.28","51.556",-0.1277653,51.5074456
"Miami",135,"Gracie Abrams","","18.10.2024",65000,"true","Tim McGraw / Timeless","Taylor Swift (debut) / Speak Now","true","This Is Me Trying / Daylight","folklore / Lover","false","","Point (-80.23886586283379074 25.95793801609755036)","Hard Rock Stadium","-80.239","25.958",-80.19362,25.7741728
"Miami",136,"Gracie Abrams","","19.10.2024",65000,"true","Should've Said No / I Did Something Bad","Taylor Swift (debut) / Reputation","true","Loml / White Horse","The Tortured Poets Departament / Fearless","false","","Point (-80.23886586283379074 25.95793801609755036)","Hard Rock Stadium","-80.239","25.958",-80.19362,25.7741728
"Miami",137,"Gracie Abrams","","20.10.2024",65000,"true","Out of the Woods / All You Had to Do Was Stay","1989 / 1989","true","Mirrorball / Guilty as Sin?","folklore / The Tortured Poets Departament","false","","Point (-80.23886586283379074 25.95793801609755036)","Hard Rock Stadium","-80.239","25.958",-80.19362,25.7741728
"New Orleans",138,"Gracie Abrams","","25.10.2024",83000,"true","Our Song / Call It What You Want","Taylor Swift (debut) / Reputation","true","The Black Dog / Haunted","The Tortured Poets Departament / Speak Now","false","","Point (-90.08111810227710237 29.9510198343939571)","The Super-dome","-90.081","29.951",-90.0782127,29.9759983
"New Orleans",139,"Gracie Abrams","","26.10.2024",83000,"true","Espresso / Is It Over Now? / Please Please Please","Other / 1989 / Other","true","Hits Different / Welcome to New York","Midnights / 1989","false","","Point (-90.08111810227710237 29.9510198343939571)","The Super-dome","-90.081","29.951",-90.0782127,29.9759983
"New Orleans",140,"Gracie Abrams","","27.10.2024",83000,"true","Afterglow / Dress","Lover / Reputation","true","How You Get the Girl / Clean","1989 / 1989","false","","Point (-90.08111810227710237 29.9510198343939571)","The Super-dome","-90.081","29.951",-90.0782127,29.9759983
"Indianapolis",141,"Gracie Abrams","","01.11.2024",70000,"true","The Albatross / Holy Ground","The Tortured Poets Departament / Red","true","Cold as You / Exile","Taylor Swift (debut) / folklore","false","","Point (-86.16379499663575814 39.75999746663335088)","Lucas Oil Stadium","-86.164","39.76",-86.1583502,39.7683331
"Indianapolis",142,"Gracie Abrams","","02.11.2024",70000,"true","The Prophecy / This Love","The Tortured Poets Departament / 1989","true","Maroon / Cowboy like Me","Midnights / evermore","false","","Point (-86.16379499663575814 39.75999746663335088)","Lucas Oil Stadium","-86.164","39.76",-86.1583502,39.7683331
"Indianapolis",143,"Gracie Abrams","","03.11.2024",70000,"true","Cornelia Street / The Bolter","Lover / The Tortured Poets Departament","true","Death by a Thousand Cuts / The Great War","Lover / Midnights","false","","Point (-86.16379499663575814 39.75999746663335088)","Lucas Oil Stadium","-86.164","39.76",-86.1583502,39.7683331
"Toronto",144,"Gracie Abrams","","14.11.2024",50000,"true","My Boy Only Breaks His Favorite Toys / This Is Why We Can't Have Nice Things","The Tortured Poets Departament / Reputation","true","False God / 'Tis the Damn Season","Lover / evermore","false","","Point (-79.38920717376609559 43.64156942451896981)","Rogers Centre","-79.389","43.642",-79.3839347,43.6534817
"Toronto",145,"Gracie Abrams","","15.11.2024",50000,"true","I Don't Wanna Live Forever / Mine","Other / Speak Now","true","Evermore / Peter","evermore / The Tortured Poets Departament","false","","Point (-79.38920717376609559 43.64156942451896981)","Rogers Centre","-79.389","43.642",-79.3839347,43.6534817
"Toronto",146,"Gracie Abrams","","16.11.2024",50000,"true","Us / Out of the Woods","Other / 1989","true","You're on Your Own, Kid / Long Story Short","Midnights / evermore","false","","Point (-79.38920717376609559 43.64156942451896981)","Rogers Centre","-79.389","43.642",-79.3839347,43.6534817
"Toronto",147,"Gracie Abrams","","21.11.2024",50000,"true","Mr. Perfectly Fine / Better than Revenge","Fearless / Speak Now","true","State of Grace / Labyrinth","Red / Midnights","false","","Point (-79.38920717376609559 43.64156942451896981)","Rogers Centre","-79.389","43.642",-79.3839347,43.6534817
"Toronto",148,"Gracie Abrams","","22.11.2024",50000,"true","Ours / The Last Great American Dynasty","Speak Now / folklore","true","Cassandra / Mad Woman / I Did Something Bad","The Tortured Poets Departament / folklore / Reputation","false","","Point (-79.38920717376609559 43.64156942451896981)","Rogers Centre","-79.389","43.642",-79.3839347,43.6534817
"Toronto",149,"Gracie Abrams","","23.11.2024",50000,"true","Sparks Fly / Message in a Bottle","Speak Now / Red","true","You're Losing Me / How Did It End?","Midnights / The Tortured Poets Departament","false","","Point (-79.38920717376609559 43.64156942451896981)","Rogers Centre","-79.389","43.642",-79.3839347,43.6534817
"Vancouver",150,"Gracie Abrams","","06.12.2024",55000,"true","Haunted / Wonderland","Speak Now / 1989","true","Never Grow Up / The Best Day","Speak Now / Red","false","","Point (-123.11205967069041378 49.27663619014433749)","BC Place","-123.112","49.277",-123.113952,49.2608724
"Vancouver",151,"Gracie Abrams","","07.12.2024",55000,"true","I Love You, I'm Sorry / Last Kiss","Other / Speak Now","true","The Tortured Poets Department / Maroon","The Tortured Poets Departament / Midnights","false","","Point (-123.11205967069041378 49.27663619014433749)","BC Place","-123.112","49.277",-123.113952,49.2608724
"Vancouver",152,"Gracie Abrams","","08.12.2024",55000,"true","A Place in This World / New Romantics","Taylor Swift (debut) / 1989","true","Long Live / New Year's Day / The Manuscript","Speak Now / Reputation / The Tortured Poets Departament","false","","Point (-123.11205967069041378 49.27663619014433749)","BC Place","-123.112","49.277",-123.113952,49.2608724
